{
    "version": "0.1",
    "language": "en",
    "words": [
        "addfinalizer",
        "appid",
        "atexit",
        "atlassian",
        "atlassians",
        "ausername",
        "bdist",
        "bspeakmon",
        "capsys",
        "categorised",
        "conda",
        "cygwin",
        "dae",
        "Dalko",
        "delete",
        "deps",
        "desk",
        "devhelp",
        "dgec",
        "docutils",
        "envars",
        "envlist",
        "envs",
        "envvars",
        "epub",
        "errno",
        "etree",
        "favicon",
        "favourite",
        "favourites",
        "fjira",
        "fname",
        "functools",
        "fv",
        "gerrit",
        "googlicious",
        "hashify",
        "howto",
        "hqi",
        "I18NSPHINXOPTS",
        "id",
        "iDalko",
        "ifeq",
        "ifndef",
        "ifneq",
        "igrid",
        "imghdr",
        "iname",
        "incompleted",
        "inexistent",
        "instafail",
        "ipython",
        "issueid",
        "issuperset",
        "itil",
        "jira",
        "jirapython",
        "jirapythondoc",
        "jirashell",
        "jspa",
        "k",
        "ky",
        "kzh",
        "lqqy",
        "luk",
        "makotemplate",
        "mkdir",
        "mktemp",
        "myfilter",
        "myid",
        "navicat",
        "nclqfp",
        "netrc",
        "nocheck",
        "noqa",
        "norecursedirs",
        "oauth",
        "oauthlib",
        "onresolve",
        "ornu",
        "passenv",
        "perc",
        "posargs",
        "printf",
        "procs",
        "proja",
        "projb",
        "project",
        "pyargs",
        "pycodestyle",
        "pycontribs",
        "pycrypto",
        "pyenv",
        "pyinstaller",
        "pytest",
        "pyyaml",
        "qhcp",
        "qthelp",
        "reindex",
        "reindexing",
        "repo",
        "repos",
        "rnd",
        "rndpassword",
        "rrequirements",
        "rsyncdirs",
        "rsyncignore",
        "rtype",
        "sbarnea",
        "schemeid",
        "sdist",
        "seqs",
        "serialise",
        "serialised",
        "service",
        "setenv",
        "skipif",
        "sorin",
        "ssbarnea",
        "str",
        "strftime",
        "symlinks",
        "test",
        "testenv",
        "testsd",
        "testvercomp",
        "tfsds",
        "th",
        "toctree",
        "tolower",
        "TOXENV",
        "toxinidir",
        "transitionid",
        "truthy",
        "trw",
        "twz",
        "txcwsb",
        "tzinfo",
        "ucfirst",
        "ul",
        "uname",
        "undoc",
        "unstaged",
        "untranslate",
        "virtualenv",
        "virtualenvs",
        "websudo",
        "woopsydoodle",
        "workon",
        "xargs",
        "xdist",
        "xenial",
        "xfail",
        "xscs",
        "xsrf",
        "yanc",
        "ztravisdeb"
    ],
    "flagWords": [],
    "allowCompoundWords": true,
    "dictionaries": [
        "python",
        "html",
        "css"
    ],
    "ignoreRegExpList": [
        "/'s\\b/",
        "/\\br'/",
        "/\\bu'/",
        "/\\b-rrequirements/",
        "[^\\s]{20,}",
        "/I18NSPHINXOPTS/"
    ],
    "ignorePaths": [
        "docs/build",
        ".tox",
        ".eggs"
    ],
    "ignoreWords": [
        "I18NSPHINXOPTS",
        "hdost",
        "βρέθηκε"
    ]
}
